branch_id,invoice_no,customer_id,gender,age,category,quantity,price,payment_method,invoice_date,shopping_mall,total_sales
7,MJ25X0001,C500001,Female,57,Souvenir,1,810000.00,Cash,2025-01-02,,810000.00
7,MJ25X0002,C500002,Female,36,Books,8,195000.00,Credit Card,2025-01-13,,1560000.00
7,MJ25X0003,C500003,Female,59,Shoes,3,27000.00,Credit Card,2025-01-24,,81000.00
7,MJ25X0004,C500004,Female,21,Food & Beverage,2,195000.00,Debit Card,2025-01-07,,390000.00
7,MJ25X0005,C500005,Male,62,Shoes,3,1700000.00,Debit Card,2025-01-18,,5100000.00
7,MJ25X0006,C500006,Female,23,Technology,10,365000.00,Credit Card,2025-01-01,,3650000.00
7,MJ25X0007,C500007,Male,48,Toys,4,63000.00,Cash,2025-01-12,,252000.00
7,MJ25X0008,C500008,Female,21,Clothing,15,63000.00,Cash,2025-01-23,,945000.00
7,MJ25X0009,C500009,Female,74,Cosmetics,10,810000.00,Credit Card,2025-01-06,,8100000.00
7,MJ25X0010,C500010,Male,30,Shoes,3,810000.00,Cash,2025-01-17,,2430000.00
7,MJ25X0011,C500011,Female,47,Souvenir,1,1700000.00,Cash,2025-01-28,,1700000.00
7,MJ25X0012,C500012,Female,19,Clothing,1,365000.00,Cash,2025-01-11,,365000.00
7,MJ25X0013,C500013,Male,20,Books,15,118000.00,Credit Card,2025-01-22,,1770000.00
7,MJ25X0014,C500014,Female,61,Books,9,63000.00,Cash,2025-01-05,,567000.00
7,MJ25X0015,C500015,Female,23,Technology,6,118000.00,Debit Card,2025-01-16,,708000.00
7,MJ25X0016,C500016,Female,60,Technology,1,5600000.00,Debit Card,2025-01-27,,5600000.00
7,MJ25X0017,C500017,Female,57,Technology,6,195000.00,Debit Card,2025-01-10,,1170000.00
7,MJ25X0018,C500018,Female,54,Technology,1,118000.00,Credit Card,2025-01-21,,118000.00
7,MJ25X0019,C500019,Female,25,Technology,1,27000.00,Debit Card,2025-01-04,,27000.00
7,MJ25X0020,C500020,Male,45,Shoes,7,118000.00,Cash,2025-01-15,,826000.00
7,MJ25X0021,C500021,Female,80,Toys,9,5600000.00,Cash,2025-01-26,,50400000.00
7,MJ25X0022,C500022,Male,63,Books,4,5600000.00,Credit Card,2025-01-09,,22400000.00
7,MJ25X0023,C500023,Male,28,Books,5,365000.00,Debit Card,2025-01-20,,1825000.00
7,MJ25X0024,C500024,Male,66,Technology,9,810000.00,Debit Card,2025-01-03,,7290000.00
7,MJ25X0025,C500025,Female,39,Clothing,14,1700000.00,Debit Card,2025-01-14,,23800000.00
7,MJ25X0026,C500026,Male,76,Books,1,365000.00,Debit Card,2025-01-25,,365000.00
7,MJ25X0027,C500027,Female,69,Toys,5,27000.00,Credit Card,2025-01-08,,135000.00
7,MJ25X0028,C500028,Male,18,Shoes,2,1700000.00,Debit Card,2025-01-19,,3400000.00
7,MJ25X0029,C500029,Male,43,Souvenir,14,810000.00,Credit Card,2025-01-02,,11340000.00
7,MJ25X0030,C500030,Female,48,Books,6,63000.00,Credit Card,2025-01-13,,378000.00
7,MJ25X0031,C500031,Male,55,Toys,10,365000.00,Debit Card,2025-01-24,,3650000.00
7,MJ25X0032,C500032,Female,20,Cosmetics,1,63000.00,Debit Card,2025-01-07,,63000.00
7,MJ25X0033,C500033,Female,40,Food & Beverage,14,63000.00,Credit Card,2025-01-18,,882000.00
7,MJ25X0034,C500034,Male,68,Books,8,63000.00,Cash,2025-01-01,,504000.00
7,MJ25X0035,C500035,Female,49,Clothing,13,365000.00,Credit Card,2025-01-12,,4745000.00
7,MJ25X0036,C500036,Male,41,Souvenir,6,3200000.00,Cash,2025-01-23,,19200000.00
7,MJ25X0037,C500037,Female,42,Shoes,5,63000.00,Debit Card,2025-01-06,,315000.00
7,MJ25X0038,C500038,Female,47,Clothing,1,63000.00,Cash,2025-01-17,,63000.00
7,MJ25X0039,C500039,Female,45,Souvenir,15,63000.00,Credit Card,2025-01-28,,945000.00
7,MJ25X0040,C500040,Female,68,Clothing,1,41000.00,Debit Card,2025-01-11,,41000.00
7,MJ25X0041,C500041,Male,79,Food & Beverage,3,5600000.00,Debit Card,2025-01-22,,16800000.00
7,MJ25X0042,C500042,Male,35,Toys,11,195000.00,Credit Card,2025-01-05,,2145000.00
7,MJ25X0043,C500043,Male,22,Technology,3,810000.00,Debit Card,2025-01-16,,2430000.00
7,MJ25X0044,C500044,Female,74,Technology,6,118000.00,Cash,2025-01-27,,708000.00
7,MJ25X0045,C500045,Male,59,Food & Beverage,13,810000.00,Debit Card,2025-01-10,,10530000.00
7,MJ25X0046,C500046,Female,44,Shoes,15,63000.00,Credit Card,2025-01-21,,945000.00
7,MJ25X0047,C500047,Male,80,Food & Beverage,5,1700000.00,Cash,2025-01-04,,8500000.00
7,MJ25X0048,C500048,Male,65,Technology,14,5600000.00,Cash,2025-01-15,,78400000.00
7,MJ25X0049,C500049,Male,22,Shoes,2,810000.00,Debit Card,2025-01-26,,1620000.00
7,MJ25X0050,C500050,Female,21,Books,5,5600000.00,Debit Card,2025-01-09,,28000000.00
7,MJ25X0051,C500051,Male,39,Technology,7,365000.00,Credit Card,2025-01-20,,2555000.00
7,MJ25X0052,C500052,Male,78,Clothing,9,1700000.00,Debit Card,2025-01-03,,15300000.00
7,MJ25X0053,C500053,Female,63,Technology,7,5600000.00,Debit Card,2025-01-14,,39200000.00
7,MJ25X0054,C500054,Male,30,Shoes,12,810000.00,Debit Card,2025-01-25,,9720000.00
7,MJ25X0055,C500055,Male,80,Souvenir,1,27000.00,Credit Card,2025-01-08,,27000.00
7,MJ25X0056,C500056,Female,68,Food & Beverage,11,3200000.00,Debit Card,2025-01-19,,35200000.00
7,MJ25X0057,C500057,Male,77,Books,11,27000.00,Cash,2025-01-02,,297000.00
7,MJ25X0058,C500058,Female,59,Technology,13,365000.00,Cash,2025-01-13,,4745000.00
7,MJ25X0059,C500059,Male,47,Toys,15,1700000.00,Cash,2025-01-24,,25500000.00
7,MJ25X0060,C500060,Female,42,Cosmetics,5,118000.00,Credit Card,2025-01-07,,590000.00
7,MJ25X0061,C500061,Male,71,Shoes,2,195000.00,Cash,2025-01-18,,390000.00
7,MJ25X0062,C500062,Female,73,Souvenir,15,365000.00,Debit Card,2025-01-01,,5475000.00
7,MJ25X0063,C500063,Male,55,Food & Beverage,12,365000.00,Debit Card,2025-01-12,,4380000.00
7,MJ25X0064,C500064,Female,40,Souvenir,9,195000.00,Debit Card,2025-01-23,,1755000.00
7,MJ25X0065,C500065,Female,45,Toys,14,63000.00,Credit Card,2025-01-06,,882000.00
7,MJ25X0066,C500066,Male,23,Technology,12,810000.00,Credit Card,2025-02-03,,9720000.00
7,MJ25X0067,C500067,Male,78,Books,2,5600000.00,Credit Card,2025-02-14,,11200000.00
7,MJ25X0068,C500068,Male,47,Clothing,6,41000.00,Cash,2025-02-25,,246000.00
7,MJ25X0069,C500069,Female,76,Books,5,27000.00,Debit Card,2025-02-08,,135000.00
7,MJ25X0070,C500070,Female,49,Cosmetics,2,63000.00,Cash,2025-02-19,,126000.00
7,MJ25X0071,C500071,Female,56,Clothing,2,27000.00,Cash,2025-02-02,,54000.00
7,MJ25X0072,C500072,Male,71,Shoes,2,5600000.00,Debit Card,2025-02-13,,11200000.00
7,MJ25X0073,C500073,Male,19,Books,10,118000.00,Cash,2025-02-24,,1180000.00
7,MJ25X0074,C500074,Female,20,Cosmetics,15,63000.00,Credit Card,2025-02-07,,945000.00
7,MJ25X0075,C500075,Male,53,Souvenir,10,1700000.00,Credit Card,2025-02-18,,17000000.00
7,MJ25X0076,C500076,Female,50,Books,3,810000.00,Cash,2025-02-01,,2430000.00
7,MJ25X0077,C500077,Male,21,Cosmetics,10,195000.00,Cash,2025-02-12,,1950000.00
7,MJ25X0078,C500078,Male,27,Souvenir,12,118000.00,Debit Card,2025-02-23,,1416000.00
7,MJ25X0079,C500079,Female,77,Souvenir,5,27000.00,Debit Card,2025-02-06,,135000.00
7,MJ25X0080,C500080,Female,49,Clothing,8,27000.00,Cash,2025-02-17,,216000.00
7,MJ25X0081,C500081,Female,26,Shoes,1,63000.00,Debit Card,2025-02-28,,63000.00
7,MJ25X0082,C500082,Male,66,Shoes,3,3200000.00,Credit Card,2025-02-11,,9600000.00
7,MJ25X0083,C500083,Male,53,Books,13,365000.00,Credit Card,2025-02-22,,4745000.00
7,MJ25X0084,C500084,Female,25,Books,1,3200000.00,Credit Card,2025-02-05,,3200000.00
7,MJ25X0085,C500085,Female,27,Cosmetics,9,27000.00,Debit Card,2025-02-16,,243000.00
7,MJ25X0086,C500086,Male,40,Shoes,15,27000.00,Cash,2025-02-27,,405000.00
7,MJ25X0087,C500087,Male,35,Clothing,7,1700000.00,Debit Card,2025-02-10,,11900000.00
7,MJ25X0088,C500088,Male,55,Food & Beverage,3,41000.00,Debit Card,2025-02-21,,123000.00
7,MJ25X0089,C500089,Male,59,Food & Beverage,1,27000.00,Credit Card,2025-02-04,,27000.00
7,MJ25X0090,C500090,Male,29,Cosmetics,12,63000.00,Debit Card,2025-02-15,,756000.00
7,MJ25X0091,C500091,Male,25,Shoes,7,1700000.00,Cash,2025-02-26,,11900000.00
7,MJ25X0092,C500092,Female,32,Toys,15,27000.00,Credit Card,2025-02-09,,405000.00
7,MJ25X0093,C500093,Female,68,Toys,1,195000.00,Cash,2025-02-20,,195000.00
7,MJ25X0094,C500094,Male,80,Shoes,6,118000.00,Credit Card,2025-02-03,,708000.00
7,MJ25X0095,C500095,Female,64,Clothing,9,41000.00,Credit Card,2025-02-14,,369000.00
7,MJ25X0096,C500096,Female,52,Souvenir,13,5600000.00,Cash,2025-02-25,,72800000.00
7,MJ25X0097,C500097,Female,19,Technology,1,63000.00,Credit Card,2025-02-08,,63000.00
7,MJ25X0098,C500098,Male,36,Books,3,118000.00,Cash,2025-02-19,,354000.00
7,MJ25X0099,C500099,Female,69,Shoes,12,195000.00,Debit Card,2025-02-02,,2340000.00
7,MJ25X0100,C500100,Male,29,Clothing,3,5600000.00,Credit Card,2025-02-13,,16800000.00
7,MJ25X0101,C500101,Female,26,Souvenir,9,195000.00,Debit Card,2025-02-24,,1755000.00
7,MJ25X0102,C500102,Female,65,Clothing,13,365000.00,Cash,2025-02-07,,4745000.00
7,MJ25X0103,C500103,Female,68,Cosmetics,8,365000.00,Debit Card,2025-02-18,,2920000.00
7,MJ25X0104,C500104,Female,51,Food & Beverage,11,3200000.00,Debit Card,2025-02-01,,35200000.00
7,MJ25X0105,C500105,Female,49,Toys,1,3200000.00,Cash,2025-02-12,,3200000.00
7,MJ25X0106,C500106,Female,61,Souvenir,7,27000.00,Debit Card,2025-02-23,,189000.00
7,MJ25X0107,C500107,Male,77,Shoes,5,810000.00,Debit Card,2025-02-06,,4050000.00
7,MJ25X0108,C500108,Female,49,Technology,13,1700000.00,Cash,2025-02-17,,22100000.00
7,MJ25X0109,C500109,Female,33,Toys,3,3200000.00,Debit Card,2025-02-28,,9600000.00
7,MJ25X0110,C500110,Male,33,Technology,6,3200000.00,Cash,2025-02-11,,19200000.00
7,MJ25X0111,C500111,Male,21,Toys,9,195000.00,Credit Card,2025-02-22,,1755000.00
7,MJ25X0112,C500112,Male,57,Toys,5,810000.00,Debit Card,2025-02-05,,4050000.00
7,MJ25X0113,C500113,Male,25,Toys,14,1700000.00,Debit Card,2025-02-16,,23800000.00
7,MJ25X0114,C500114,Female,67,Technology,15,195000.00,Cash,2025-02-27,,2925000.00
7,MJ25X0115,C500115,Female,63,Shoes,11,63000.00,Debit Card,2025-02-10,,693000.00
7,MJ25X0116,C500116,Female,57,Cosmetics,4,1700000.00,Cash,2025-02-21,,6800000.00
7,MJ25X0117,C500117,Female,67,Books,4,118000.00,Debit Card,2025-02-04,,472000.00
7,MJ25X0118,C500118,Female,38,Clothing,14,5600000.00,Debit Card,2025-02-15,,78400000.00
7,MJ25X0119,C500119,Male,58,Books,11,63000.00,Debit Card,2025-02-26,,693000.00
7,MJ25X0120,C500120,Male,33,Souvenir,12,810000.00,Debit Card,2025-02-09,,9720000.00
7,MJ25X0121,C500121,Female,19,Technology,3,810000.00,Cash,2025-02-20,,2430000.00
7,MJ25X0122,C500122,Female,74,Technology,3,195000.00,Debit Card,2025-02-03,,585000.00
7,MJ25X0123,C500123,Female,79,Shoes,3,5600000.00,Debit Card,2025-02-14,,16800000.00
7,MJ25X0124,C500124,Female,61,Clothing,1,27000.00,Credit Card,2025-02-25,,27000.00
7,MJ25X0125,C500125,Male,28,Souvenir,11,118000.00,Credit Card,2025-02-08,,1298000.00
7,MJ25X0126,C500126,Male,79,Souvenir,4,63000.00,Cash,2025-02-19,,252000.00
7,MJ25X0127,C500127,Female,54,Souvenir,8,41000.00,Credit Card,2025-02-02,,328000.00
7,MJ25X0128,C500128,Female,20,Technology,15,3200000.00,Credit Card,2025-02-13,,48000000.00
7,MJ25X0129,C500129,Female,55,Toys,12,5600000.00,Debit Card,2025-02-24,,67200000.00
7,MJ25X0130,C500130,Male,31,Cosmetics,13,3200000.00,Credit Card,2025-02-07,,41600000.00
7,MJ25X0131,C500131,Male,19,Shoes,13,41000.00,Debit Card,2025-03-04,,533000.00
7,MJ25X0132,C500132,Female,61,Toys,5,27000.00,Debit Card,2025-03-15,,135000.00
7,MJ25X0133,C500133,Female,31,Books,11,195000.00,Credit Card,2025-03-26,,2145000.00
7,MJ25X0134,C500134,Female,48,Books,3,3200000.00,Debit Card,2025-03-09,,9600000.00
7,MJ25X0135,C500135,Male,68,Souvenir,10,63000.00,Credit Card,2025-03-20,,630000.00
7,MJ25X0136,C500136,Male,72,Shoes,4,365000.00,Cash,2025-03-03,,1460000.00
7,MJ25X0137,C500137,Male,72,Toys,5,41000.00,Cash,2025-03-14,,205000.00
7,MJ25X0138,C500138,Female,33,Shoes,10,810000.00,Credit Card,2025-03-25,,8100000.00
7,MJ25X0139,C500139,Female,70,Cosmetics,4,1700000.00,Credit Card,2025-03-08,,6800000.00
7,MJ25X0140,C500140,Male,43,Technology,1,63000.00,Cash,2025-03-19,,63000.00
7,MJ25X0141,C500141,Female,43,Cosmetics,5,195000.00,Credit Card,2025-03-02,,975000.00
7,MJ25X0142,C500142,Female,80,Clothing,10,5600000.00,Cash,2025-03-13,,56000000.00
7,MJ25X0143,C500143,Female,77,Books,15,27000.00,Cash,2025-03-24,,405000.00
7,MJ25X0144,C500144,Male,57,Books,1,195000.00,Cash,2025-03-07,,195000.00
7,MJ25X0145,C500145,Male,47,Food & Beverage,13,3200000.00,Cash,2025-03-18,,41600000.00
7,MJ25X0146,C500146,Female,35,Food & Beverage,10,1700000.00,Cash,2025-03-01,,17000000.00
7,MJ25X0147,C500147,Female,32,Toys,3,63000.00,Credit Card,2025-03-12,,189000.00
7,MJ25X0148,C500148,Female,40,Shoes,12,118000.00,Cash,2025-03-23,,1416000.00
7,MJ25X0149,C500149,Female,56,Clothing,8,3200000.00,Cash,2025-03-06,,25600000.00
7,MJ25X0150,C500150,Male,67,Books,12,41000.00,Cash,2025-03-17,,492000.00
7,MJ25X0151,C500151,Female,62,Cosmetics,8,41000.00,Credit Card,2025-03-28,,328000.00
7,MJ25X0152,C500152,Female,75,Shoes,7,5600000.00,Cash,2025-03-11,,39200000.00
7,MJ25X0153,C500153,Female,73,Books,11,1700000.00,Cash,2025-03-22,,18700000.00
7,MJ25X0154,C500154,Male,24,Technology,6,3200000.00,Credit Card,2025-03-05,,19200000.00
7,MJ25X0155,C500155,Female,49,Toys,12,3200000.00,Credit Card,2025-03-16,,38400000.00
7,MJ25X0156,C500156,Female,42,Technology,4,118000.00,Debit Card,2025-03-27,,472000.00
7,MJ25X0157,C500157,Female,63,Technology,11,27000.00,Debit Card,2025-03-10,,297000.00
7,MJ25X0158,C500158,Female,52,Food & Beverage,3,118000.00,Credit Card,2025-03-21,,354000.00
7,MJ25X0159,C500159,Male,49,Toys,15,3200000.00,Debit Card,2025-03-04,,48000000.00
7,MJ25X0160,C500160,Female,69,Technology,5,810000.00,Credit Card,2025-03-15,,4050000.00
7,MJ25X0161,C500161,Male,67,Souvenir,15,3200000.00,Debit Card,2025-03-26,,48000000.00
7,MJ25X0162,C500162,Male,29,Technology,10,5600000.00,Credit Card,2025-03-09,,56000000.00
7,MJ25X0163,C500163,Female,68,Clothing,4,118000.00,Credit Card,2025-03-20,,472000.00
7,MJ25X0164,C500164,Male,51,Clothing,2,63000.00,Credit Card,2025-03-03,,126000.00
7,MJ25X0165,C500165,Female,40,Souvenir,14,195000.00,Cash,2025-03-14,,2730000.00
7,MJ25X0166,C500166,Male,31,Food & Beverage,3,27000.00,Debit Card,2025-03-25,,81000.00
7,MJ25X0167,C500167,Male,29,Books,14,27000.00,Credit Card,2025-03-08,,378000.00
7,MJ25X0168,C500168,Female,30,Cosmetics,9,810000.00,Credit Card,2025-03-19,,7290000.00
7,MJ25X0169,C500169,Male,19,Books,4,195000.00,Credit Card,2025-03-02,,780000.00
7,MJ25X0170,C500170,Male,38,Books,1,195000.00,Credit Card,2025-03-13,,195000.00
7,MJ25X0171,C500171,Male,62,Books,1,1700000.00,Debit Card,2025-03-24,,1700000.00
7,MJ25X0172,C500172,Female,22,Shoes,3,365000.00,Debit Card,2025-03-07,,1095000.00
7,MJ25X0173,C500173,Male,46,Souvenir,6,1700000.00,Debit Card,2025-03-18,,10200000.00
7,MJ25X0174,C500174,Female,61,Clothing,9,1700000.00,Debit Card,2025-03-01,,15300000.00
7,MJ25X0175,C500175,Female,35,Clothing,15,3200000.00,Cash,2025-03-12,,48000000.00
7,MJ25X0176,C500176,Male,23,Shoes,2,41000.00,Cash,2025-03-23,,82000.00
7,MJ25X0177,C500177,Female,22,Clothing,7,5600000.00,Credit Card,2025-03-06,,39200000.00
7,MJ25X0178,C500178,Male,57,Shoes,11,810000.00,Cash,2025-03-17,,8910000.00
7,MJ25X0179,C500179,Male,80,Clothing,5,41000.00,Credit Card,2025-03-28,,205000.00
7,MJ25X0180,C500180,Male,80,Food & Beverage,5,41000.00,Cash,2025-03-11,,205000.00
7,MJ25X0181,C500181,Male,50,Clothing,14,810000.00,Debit Card,2025-03-22,,11340000.00
7,MJ25X0182,C500182,Male,41,Technology,3,41000.00,Credit Card,2025-03-05,,123000.00
7,MJ25X0183,C500183,Female,66,Cosmetics,2,3200000.00,Debit Card,2025-03-16,,6400000.00
7,MJ25X0184,C500184,Male,66,Technology,9,195000.00,Cash,2025-03-27,,1755000.00
7,MJ25X0185,C500185,Female,22,Shoes,8,1700000.00,Credit Card,2025-03-10,,13600000.00
7,MJ25X0186,C500186,Female,48,Souvenir,13,27000.00,Cash,2025-03-21,,351000.00
7,MJ25X0187,C500187,Male,67,Food & Beverage,14,365000.00,Debit Card,2025-03-04,,5110000.00
7,MJ25X0188,C500188,Male,69,Souvenir,1,5600000.00,Debit Card,2025-03-15,,5600000.00
7,MJ25X0189,C500189,Female,67,Souvenir,13,810000.00,Debit Card,2025-03-26,,10530000.00
7,MJ25X0190,C500190,Female,78,Cosmetics,2,3200000.00,Debit Card,2025-03-09,,6400000.00
7,MJ25X0191,C500191,Male,67,Food & Beverage,8,810000.00,Debit Card,2025-03-20,,6480000.00
7,MJ25X0192,C500192,Male,78,Shoes,2,3200000.00,Debit Card,2025-03-03,,6400000.00
7,MJ25X0193,C500193,Female,25,Technology,11,365000.00,Credit Card,2025-03-14,,4015000.00
7,MJ25X0194,C500194,Male,60,Toys,5,810000.00,Debit Card,2025-03-25,,4050000.00
7,MJ25X0195,C500195,Male,68,Shoes,15,118000.00,Debit Card,2025-03-08,,1770000.00
7,MJ25X0196,C500196,Male,38,Souvenir,15,1700000.00,Credit Card,2025-04-05,,25500000.00
7,MJ25X0197,C500197,Male,29,Toys,10,810000.00,Cash,2025-04-16,,8100000.00
7,MJ25X0198,C500198,Male,71,Clothing,10,63000.00,Cash,2025-04-27,,630000.00
7,MJ25X0199,C500199,Female,70,Books,7,195000.00,Credit Card,2025-04-10,,1365000.00
7,MJ25X0200,C500200,Female,27,Clothing,12,810000.00,Cash,2025-04-21,,9720000.00
7,MJ25X0201,C500201,Female,40,Souvenir,4,810000.00,Cash,2025-04-04,,3240000.00
7,MJ25X0202,C500202,Male,48,Food & Beverage,8,41000.00,Credit Card,2025-04-15,,328000.00
7,MJ25X0203,C500203,Female,79,Shoes,15,1700000.00,Debit Card,2025-04-26,,25500000.00
7,MJ25X0204,C500204,Male,35,Food & Beverage,8,195000.00,Credit Card,2025-04-09,,1560000.00
7,MJ25X0205,C500205,Female,71,Books,11,27000.00,Debit Card,2025-04-20,,297000.00
7,MJ25X0206,C500206,Female,20,Clothing,5,27000.00,Debit Card,2025-04-03,,135000.00
7,MJ25X0207,C500207,Female,71,Toys,4,63000.00,Debit Card,2025-04-14,,252000.00
7,MJ25X0208,C500208,Female,32,Technology,12,3200000.00,Credit Card,2025-04-25,,38400000.00
7,MJ25X0209,C500209,Female,53,Toys,3,41000.00,Cash,2025-04-08,,123000.00
7,MJ25X0210,C500210,Female,61,Shoes,14,3200000.00,Debit Card,2025-04-19,,44800000.00
7,MJ25X0211,C500211,Male,58,Cosmetics,7,3200000.00,Cash,2025-04-02,,22400000.00
7,MJ25X0212,C500212,Male,75,Cosmetics,4,27000.00,Cash,2025-04-13,,108000.00
7,MJ25X0213,C500213,Female,61,Books,11,118000.00,Debit Card,2025-04-24,,1298000.00
7,MJ25X0214,C500214,Male,72,Toys,5,365000.00,Credit Card,2025-04-07,,1825000.00
7,MJ25X0215,C500215,Male,72,Souvenir,2,1700000.00,Cash,2025-04-18,,3400000.00
7,MJ25X0216,C500216,Male,59,Books,7,365000.00,Credit Card,2025-04-01,,2555000.00
7,MJ25X0217,C500217,Female,64,Food & Beverage,13,27000.00,Cash,2025-04-12,,351000.00
7,MJ25X0218,C500218,Female,73,Souvenir,5,118000.00,Credit Card,2025-04-23,,590000.00
7,MJ25X0219,C500219,Female,65,Books,13,810000.00,Credit Card,2025-04-06,,10530000.00
7,MJ25X0220,C500220,Male,66,Food & Beverage,11,3200000.00,Credit Card,2025-04-17,,35200000.00
7,MJ25X0221,C500221,Male,59,Souvenir,14,63000.00,Debit Card,2025-04-28,,882000.00
7,MJ25X0222,C500222,Female,49,Technology,2,41000.00,Cash,2025-04-11,,82000.00
7,MJ25X0223,C500223,Female,23,Food & Beverage,2,1700000.00,Credit Card,2025-04-22,,3400000.00
7,MJ25X0224,C500224,Male,47,Clothing,12,3200000.00,Cash,2025-04-05,,38400000.00
7,MJ25X0225,C500225,Male,68,Souvenir,2,1700000.00,Credit Card,2025-04-16,,3400000.00
7,MJ25X0226,C500226,Male,80,Books,14,810000.00,Credit Card,2025-04-27,,11340000.00
7,MJ25X0227,C500227,Female,69,Cosmetics,15,810000.00,Debit Card,2025-04-10,,12150000.00
7,MJ25X0228,C500228,Female,31,Technology,7,1700000.00,Debit Card,2025-04-21,,11900000.00
7,MJ25X0229,C500229,Female,63,Souvenir,9,195000.00,Cash,2025-04-04,,1755000.00
7,MJ25X0230,C500230,Female,23,Toys,12,27000.00,Debit Card,2025-04-15,,324000.00
7,MJ25X0231,C500231,Female,66,Souvenir,10,63000.00,Debit Card,2025-04-26,,630000.00
7,MJ25X0232,C500232,Male,23,Toys,10,27000.00,Credit Card,2025-04-09,,270000.00
7,MJ25X0233,C500233,Male,65,Toys,7,195000.00,Credit Card,2025-04-20,,1365000.00
7,MJ25X0234,C500234,Male,31,Souvenir,14,5600000.00,Debit Card,2025-04-03,,78400000.00
7,MJ25X0235,C500235,Female,65,Technology,6,63000.00,Debit Card,2025-04-14,,378000.00
7,MJ25X0236,C500236,Male,57,Food & Beverage,3,118000.00,Cash,2025-04-25,,354000.00
7,MJ25X0237,C500237,Female,34,Toys,13,3200000.00,Cash,2025-04-08,,41600000.00
7,MJ25X0238,C500238,Male,41,Technology,2,195000.00,Credit Card,2025-04-19,,390000.00
7,MJ25X0239,C500239,Male,43,Technology,10,27000.00,Credit Card,2025-04-02,,270000.00
7,MJ25X0240,C500240,Female,72,Cosmetics,14,5600000.00,Credit Card,2025-04-13,,78400000.00
7,MJ25X0241,C500241,Male,54,Clothing,2,118000.00,Credit Card,2025-04-24,,236000.00
7,MJ25X0242,C500242,Male,46,Clothing,9,41000.00,Debit Card,2025-04-07,,369000.00
7,MJ25X0243,C500243,Male,33,Shoes,6,365000.00,Credit Card,2025-04-18,,2190000.00
7,MJ25X0244,C500244,Female,25,Toys,6,41000.00,Cash,2025-04-01,,246000.00
7,MJ25X0245,C500245,Female,75,Cosmetics,12,365000.00,Cash,2025-04-12,,4380000.00
7,MJ25X0246,C500246,Male,46,Shoes,14,810000.00,Credit Card,2025-04-23,,11340000.00
7,MJ25X0247,C500247,Male,65,Books,10,195000.00,Credit Card,2025-04-06,,1950000.00
7,MJ25X0248,C500248,Male,37,Books,11,5600000.00,Credit Card,2025-04-17,,61600000.00
7,MJ25X0249,C500249,Male,49,Technology,13,810000.00,Cash,2025-04-28,,10530000.00
7,MJ25X0250,C500250,Female,66,Cosmetics,10,27000.00,Cash,2025-04-11,,270000.00
7,MJ25X0251,C500251,Male,51,Cosmetics,7,810000.00,Credit Card,2025-04-22,,5670000.00
7,MJ25X0252,C500252,Male,73,Cosmetics,13,810000.00,Debit Card,2025-04-05,,10530000.00
7,MJ25X0253,C500253,Female,69,Souvenir,3,1700000.00,Credit Card,2025-04-16,,5100000.00
7,MJ25X0254,C500254,Male,61,Books,1,5600000.00,Cash,2025-04-27,,5600000.00
7,MJ25X0255,C500255,Male,66,Books,6,3200000.00,Cash,2025-04-10,,19200000.00
7,MJ25X0256,C500256,Female,78,Clothing,3,63000.00,Debit Card,2025-04-21,,189000.00
7,MJ25X0257,C500257,Female,57,Food & Beverage,5,810000.00,Credit Card,2025-04-04,,4050000.00
7,MJ25X0258,C500258,Male,24,Books,10,1700000.00,Credit Card,2025-04-15,,17000000.00
7,MJ25X0259,C500259,Female,65,Shoes,11,118000.00,Debit Card,2025-04-26,,1298000.00
7,MJ25X0260,C500260,Female,71,Food & Beverage,2,41000.00,Debit Card,2025-04-09,,82000.00
7,MJ25X0261,C500261,Female,22,Souvenir,7,5600000.00,Credit Card,2025-05-06,,39200000.00
7,MJ25X0262,C500262,Male,50,Cosmetics,3,41000.00,Debit Card,2025-05-17,,123000.00
7,MJ25X0263,C500263,Male,48,Food & Beverage,15,1700000.00,Cash,2025-05-28,,25500000.00
7,MJ25X0264,C500264,Male,50,Technology,1,1700000.00,Credit Card,2025-05-11,,1700000.00
7,MJ25X0265,C500265,Female,71,Cosmetics,10,365000.00,Cash,2025-05-22,,3650000.00
7,MJ25X0266,C500266,Male,63,Technology,8,195000.00,Debit Card,2025-05-05,,1560000.00
7,MJ25X0267,C500267,Female,59,Technology,14,27000.00,Debit Card,2025-05-16,,378000.00
7,MJ25X0268,C500268,Male,76,Clothing,4,63000.00,Cash,2025-05-27,,252000.00
7,MJ25X0269,C500269,Male,47,Food & Beverage,12,365000.00,Cash,2025-05-10,,4380000.00
7,MJ25X0270,C500270,Female,78,Cosmetics,3,1700000.00,Cash,2025-05-21,,5100000.00
7,MJ25X0271,C500271,Female,51,Clothing,15,1700000.00,Credit Card,2025-05-04,,25500000.00
7,MJ25X0272,C500272,Male,27,Technology,8,810000.00,Cash,2025-05-15,,6480000.00
7,MJ25X0273,C500273,Female,80,Technology,14,1700000.00,Cash,2025-05-26,,23800000.00
7,MJ25X0274,C500274,Male,24,Cosmetics,12,27000.00,Cash,2025-05-09,,324000.00
7,MJ25X0275,C500275,Male,34,Clothing,2,195000.00,Credit Card,2025-05-20,,390000.00
7,MJ25X0276,C500276,Male,46,Shoes,7,63000.00,Credit Card,2025-05-03,,441000.00
7,MJ25X0277,C500277,Male,54,Souvenir,14,810000.00,Debit Card,2025-05-14,,11340000.00
7,MJ25X0278,C500278,Male,62,Food & Beverage,13,810000.00,Credit Card,2025-05-25,,10530000.00
7,MJ25X0279,C500279,Female,34,Clothing,13,195000.00,Credit Card,2025-05-08,,2535000.00
7,MJ25X0280,C500280,Male,61,Souvenir,8,27000.00,Cash,2025-05-19,,216000.00
7,MJ25X0281,C500281,Female,21,Souvenir,6,3200000.00,Credit Card,2025-05-02,,19200000.00
7,MJ25X0282,C500282,Female,77,Toys,4,118000.00,Credit Card,2025-05-13,,472000.00
7,MJ25X0283,C500283,Female,70,Clothing,1,63000.00,Debit Card,2025-05-24,,63000.00
7,MJ25X0284,C500284,Female,39,Food & Beverage,5,63000.00,Credit Card,2025-05-07,,315000.00
7,MJ25X0285,C500285,Female,37,Technology,5,63000.00,Credit Card,2025-05-18,,315000.00
7,MJ25X0286,C500286,Male,40,Books,10,810000.00,Debit Card,2025-05-01,,8100000.00
7,MJ25X0287,C500287,Female,63,Cosmetics,10,1700000.00,Debit Card,2025-05-12,,17000000.00
7,MJ25X0288,C500288,Female,78,Technology,6,810000.00,Credit Card,2025-05-23,,4860000.00
7,MJ25X0289,C500289,Male,77,Souvenir,11,27000.00,Cash,2025-05-06,,297000.00
7,MJ25X0290,C500290,Male,69,Souvenir,3,3200000.00,Debit Card,2025-05-17,,9600000.00
7,MJ25X0291,C500291,Female,24,Cosmetics,8,27000.00,Debit Card,2025-05-28,,216000.00
7,MJ25X0292,C500292,Male,40,Cosmetics,14,365000.00,Cash,2025-05-11,,5110000.00
7,MJ25X0293,C500293,Male,55,Food & Beverage,10,195000.00,Credit Card,2025-05-22,,1950000.00
7,MJ25X0294,C500294,Female,42,Clothing,11,41000.00,Cash,2025-05-05,,451000.00
7,MJ25X0295,C500295,Male,42,Cosmetics,5,1700000.00,Debit Card,2025-05-16,,8500000.00
7,MJ25X0296,C500296,Male,70,Technology,6,365000.00,Debit Card,2025-05-27,,2190000.00
7,MJ25X0297,C500297,Female,76,Technology,7,1700000.00,Credit Card,2025-05-10,,11900000.00
7,MJ25X0298,C500298,Male,75,Clothing,8,365000.00,Credit Card,2025-05-21,,2920000.00
7,MJ25X0299,C500299,Female,65,Shoes,12,63000.00,Cash,2025-05-04,,756000.00
7,MJ25X0300,C500300,Female,19,Books,1,27000.00,Debit Card,2025-05-15,,27000.00
7,MJ25X0301,C500301,Male,18,Souvenir,9,1700000.00,Cash,2025-05-26,,15300000.00
7,MJ25X0302,C500302,Male,38,Cosmetics,8,365000.00,Cash,2025-05-09,,2920000.00
7,MJ25X0303,C500303,Male,18,Food & Beverage,13,27000.00,Debit Card,2025-05-20,,351000.00
7,MJ25X0304,C500304,Male,53,Souvenir,4,118000.00,Cash,2025-05-03,,472000.00
7,MJ25X0305,C500305,Female,44,Toys,5,41000.00,Debit Card,2025-05-14,,205000.00
7,MJ25X0306,C500306,Female,43,Shoes,14,118000.00,Credit Card,2025-05-25,,1652000.00
7,MJ25X0307,C500307,Male,22,Technology,9,63000.00,Debit Card,2025-05-08,,567000.00
7,MJ25X0308,C500308,Female,69,Books,9,810000.00,Debit Card,2025-05-19,,7290000.00
7,MJ25X0309,C500309,Male,70,Souvenir,3,195000.00,Debit Card,2025-05-02,,585000.00
7,MJ25X0310,C500310,Female,62,Food & Beverage,1,27000.00,Cash,2025-05-13,,27000.00
7,MJ25X0311,C500311,Female,53,Technology,14,810000.00,Credit Card,2025-05-24,,11340000.00
7,MJ25X0312,C500312,Male,70,Technology,14,810000.00,Cash,2025-05-07,,11340000.00
7,MJ25X0313,C500313,Female,80,Toys,5,41000.00,Cash,2025-05-18,,205000.00
7,MJ25X0314,C500314,Male,29,Food & Beverage,8,41000.00,Cash,2025-05-01,,328000.00
7,MJ25X0315,C500315,Female,65,Shoes,14,195000.00,Debit Card,2025-05-12,,2730000.00
7,MJ25X0316,C500316,Female,59,Shoes,7,1700000.00,Cash,2025-05-23,,11900000.00
7,MJ25X0317,C500317,Male,72,Food & Beverage,1,63000.00,Debit Card,2025-05-06,,63000.00
7,MJ25X0318,C500318,Male,19,Clothing,1,5600000.00,Cash,2025-05-17,,5600000.00
7,MJ25X0319,C500319,Female,52,Books,6,810000.00,Cash,2025-05-28,,4860000.00
7,MJ25X0320,C500320,Male,58,Cosmetics,15,1700000.00,Cash,2025-05-11,,25500000.00
7,MJ25X0321,C500321,Male,34,Cosmetics,9,41000.00,Credit Card,2025-05-22,,369000.00
7,MJ25X0322,C500322,Female,33,Cosmetics,5,27000.00,Cash,2025-05-05,,135000.00
7,MJ25X0323,C500323,Female,36,Souvenir,5,118000.00,Cash,2025-05-16,,590000.00
7,MJ25X0324,C500324,Female,24,Cosmetics,1,365000.00,Debit Card,2025-05-27,,365000.00
7,MJ25X0325,C500325,Female,72,Technology,7,3200000.00,Credit Card,2025-05-10,,22400000.00
7,MJ25X0326,C500326,Male,61,Toys,11,1700000.00,Cash,2025-06-07,,18700000.00
7,MJ25X0327,C500327,Female,57,Clothing,15,118000.00,Debit Card,2025-06-18,,1770000.00
7,MJ25X0328,C500328,Female,22,Souvenir,5,63000.00,Cash,2025-06-01,,315000.00
7,MJ25X0329,C500329,Male,78,Souvenir,6,41000.00,Cash,2025-06-12,,246000.00
7,MJ25X0330,C500330,Female,23,Food & Beverage,2,27000.00,Cash,2025-06-23,,54000.00
7,MJ25X0331,C500331,Male,22,Shoes,4,118000.00,Credit Card,2025-06-06,,472000.00
7,MJ25X0332,C500332,Male,45,Food & Beverage,8,63000.00,Credit Card,2025-06-17,,504000.00
7,MJ25X0333,C500333,Female,34,Food & Beverage,11,41000.00,Cash,2025-06-28,,451000.00
7,MJ25X0334,C500334,Female,48,Shoes,10,41000.00,Debit Card,2025-06-11,,410000.00
7,MJ25X0335,C500335,Female,26,Food & Beverage,14,63000.00,Debit Card,2025-06-22,,882000.00
7,MJ25X0336,C500336,Female,49,Shoes,14,1700000.00,Debit Card,2025-06-05,,23800000.00
7,MJ25X0337,C500337,Male,22,Toys,7,365000.00,Credit Card,2025-06-16,,2555000.00
7,MJ25X0338,C500338,Female,70,Cosmetics,2,118000.00,Credit Card,2025-06-27,,236000.00
7,MJ25X0339,C500339,Male,42,Clothing,12,365000.00,Cash,2025-06-10,,4380000.00
7,MJ25X0340,C500340,Female,18,Clothing,6,365000.00,Credit Card,2025-06-21,,2190000.00
7,MJ25X0341,C500341,Male,29,Toys,14,195000.00,Credit Card,2025-06-04,,2730000.00
7,MJ25X0342,C500342,Female,62,Souvenir,6,41000.00,Debit Card,2025-06-15,,246000.00
7,MJ25X0343,C500343,Female,50,Technology,3,63000.00,Cash,2025-06-26,,189000.00
7,MJ25X0344,C500344,Male,33,Souvenir,6,810000.00,Cash,2025-06-09,,4860000.00
7,MJ25X0345,C500345,Male,56,Technology,3,810000.00,Credit Card,2025-06-20,,2430000.00
7,MJ25X0346,C500346,Male,55,Cosmetics,11,118000.00,Credit Card,2025-06-03,,1298000.00
7,MJ25X0347,C500347,Female,29,Cosmetics,9,1700000.00,Debit Card,2025-06-14,,15300000.00
7,MJ25X0348,C500348,Female,73,Souvenir,6,27000.00,Cash,2025-06-25,,162000.00
7,MJ25X0349,C500349,Female,40,Food & Beverage,12,195000.00,Cash,2025-06-08,,2340000.00
7,MJ25X0350,C500350,Female,58,Souvenir,2,365000.00,Credit Card,2025-06-19,,730000.00
7,MJ25X0351,C500351,Male,44,Shoes,7,5600000.00,Cash,2025-06-02,,39200000.00
7,MJ25X0352,C500352,Male,44,Toys,4,1700000.00,Credit Card,2025-06-13,,6800000.00
7,MJ25X0353,C500353,Female,25,Technology,10,195000.00,Credit Card,2025-06-24,,1950000.00
7,MJ25X0354,C500354,Female,48,Books,10,5600000.00,Cash,2025-06-07,,56000000.00
7,MJ25X0355,C500355,Female,59,Cosmetics,9,118000.00,Cash,2025-06-18,,1062000.00
7,MJ25X0356,C500356,Male,62,Technology,5,41000.00,Debit Card,2025-06-01,,205000.00
7,MJ25X0357,C500357,Female,32,Shoes,11,3200000.00,Credit Card,2025-06-12,,35200000.00
7,MJ25X0358,C500358,Male,54,Technology,10,5600000.00,Credit Card,2025-06-23,,56000000.00
7,MJ25X0359,C500359,Female,31,Books,9,27000.00,Credit Card,2025-06-06,,243000.00
7,MJ25X0360,C500360,Male,20,Toys,14,118000.00,Debit Card,2025-06-17,,1652000.00
7,MJ25X0361,C500361,Female,19,Souvenir,14,41000.00,Cash,2025-06-28,,574000.00
7,MJ25X0362,C500362,Male,68,Shoes,2,365000.00,Cash,2025-06-11,,730000.00
7,MJ25X0363,C500363,Male,77,Food & Beverage,5,5600000.00,Debit Card,2025-06-22,,28000000.00
7,MJ25X0364,C500364,Female,19,Books,1,27000.00,Credit Card,2025-06-05,,27000.00
7,MJ25X0365,C500365,Male,19,Souvenir,7,27000.00,Credit Card,2025-06-16,,189000.00
7,MJ25X0366,C500366,Male,50,Books,7,810000.00,Debit Card,2025-06-27,,5670000.00
7,MJ25X0367,C500367,Female,27,Souvenir,2,118000.00,Debit Card,2025-06-10,,236000.00
7,MJ25X0368,C500368,Male,45,Souvenir,6,63000.00,Debit Card,2025-06-21,,378000.00
7,MJ25X0369,C500369,Female,48,Food & Beverage,8,5600000.00,Credit Card,2025-06-04,,44800000.00
7,MJ25X0370,C500370,Male,25,Toys,8,27000.00,Credit Card,2025-06-15,,216000.00
7,MJ25X0371,C500371,Female,62,Toys,8,365000.00,Credit Card,2025-06-26,,2920000.00
7,MJ25X0372,C500372,Male,69,Toys,1,810000.00,Debit Card,2025-06-09,,810000.00
7,MJ25X0373,C500373,Male,25,Technology,13,195000.00,Cash,2025-06-20,,2535000.00
7,MJ25X0374,C500374,Male,39,Shoes,7,1700000.00,Credit Card,2025-06-03,,11900000.00
7,MJ25X0375,C500375,Male,70,Books,15,1700000.00,Cash,2025-06-14,,25500000.00
7,MJ25X0376,C500376,Male,68,Technology,13,810000.00,Credit Card,2025-06-25,,10530000.00
7,MJ25X0377,C500377,Male,41,Books,7,5600000.00,Cash,2025-06-08,,39200000.00
7,MJ25X0378,C500378,Male,42,Books,5,118000.00,Cash,2025-06-19,,590000.00
7,MJ25X0379,C500379,Female,78,Technology,10,41000.00,Credit Card,2025-06-02,,410000.00
7,MJ25X0380,C500380,Male,57,Cosmetics,7,195000.00,Credit Card,2025-06-13,,1365000.00
7,MJ25X0381,C500381,Female,65,Toys,7,118000.00,Debit Card,2025-06-24,,826000.00
7,MJ25X0382,C500382,Female,22,Technology,8,195000.00,Credit Card,2025-06-07,,1560000.00
7,MJ25X0383,C500383,Male,67,Books,7,118000.00,Credit Card,2025-06-18,,826000.00
7,MJ25X0384,C500384,Female,69,Food & Beverage,4,195000.00,Debit Card,2025-06-01,,780000.00
7,MJ25X0385,C500385,Male,69,Food & Beverage,15,195000.00,Cash,2025-06-12,,2925000.00
7,MJ25X0386,C500386,Male,52,Shoes,10,365000.00,Credit Card,2025-06-23,,3650000.00
7,MJ25X0387,C500387,Male,78,Cosmetics,1,365000.00,Cash,2025-06-06,,365000.00
7,MJ25X0388,C500388,Female,47,Shoes,12,5600000.00,Cash,2025-06-17,,67200000.00
7,MJ25X0389,C500389,Male,40,Cosmetics,12,195000.00,Cash,2025-06-28,,2340000.00
7,MJ25X0390,C500390,Male,65,Cosmetics,2,63000.00,Credit Card,2025-06-11,,126000.00
7,MJ25X0391,C500391,Female,22,Cosmetics,4,118000.00,Credit Card,2025-07-08,,472000.00
7,MJ25X0392,C500392,Male,75,Souvenir,2,810000.00,Credit Card,2025-07-19,,1620000.00
7,MJ25X0393,C500393,Male,40,Technology,4,810000.00,Credit Card,2025-07-02,,3240000.00
7,MJ25X0394,C500394,Male,34,Souvenir,5,5600000.00,Debit Card,2025-07-13,,28000000.00
7,MJ25X0395,C500395,Male,30,Books,7,118000.00,Debit Card,2025-07-24,,826000.00
7,MJ25X0396,C500396,Male,39,Cosmetics,4,3200000.00,Cash,2025-07-07,,12800000.00
7,MJ25X0397,C500397,Female,80,Souvenir,3,3200000.00,Debit Card,2025-07-18,,9600000.00
7,MJ25X0398,C500398,Female,69,Food & Beverage,2,41000.00,Credit Card,2025-07-01,,82000.00
7,MJ25X0399,C500399,Male,61,Shoes,1,118000.00,Credit Card,2025-07-12,,118000.00
7,MJ25X0400,C500400,Male,23,Souvenir,8,27000.00,Debit Card,2025-07-23,,216000.00
7,MJ25X0401,C500401,Male,75,Clothing,10,5600000.00,Credit Card,2025-07-06,,56000000.00
7,MJ25X0402,C500402,Male,31,Souvenir,3,63000.00,Cash,2025-07-17,,189000.00
7,MJ25X0403,C500403,Male,26,Clothing,10,195000.00,Credit Card,2025-07-28,,1950000.00
7,MJ25X0404,C500404,Male,22,Clothing,3,810000.00,Debit Card,2025-07-11,,2430000.00
7,MJ25X0405,C500405,Female,70,Clothing,8,27000.00,Debit Card,2025-07-22,,216000.00
7,MJ25X0406,C500406,Male,77,Souvenir,12,810000.00,Debit Card,2025-07-05,,9720000.00
7,MJ25X0407,C500407,Female,34,Technology,9,1700000.00,Credit Card,2025-07-16,,15300000.00
7,MJ25X0408,C500408,Female,49,Shoes,5,63000.00,Debit Card,2025-07-27,,315000.00
7,MJ25X0409,C500409,Female,61,Technology,1,3200000.00,Cash,2025-07-10,,3200000.00
7,MJ25X0410,C500410,Female,79,Shoes,3,41000.00,Cash,2025-07-21,,123000.00
7,MJ25X0411,C500411,Female,41,Shoes,15,3200000.00,Cash,2025-07-04,,48000000.00
7,MJ25X0412,C500412,Female,75,Cosmetics,3,63000.00,Cash,2025-07-15,,189000.00
7,MJ25X0413,C500413,Female,60,Food & Beverage,9,63000.00,Cash,2025-07-26,,567000.00
7,MJ25X0414,C500414,Male,67,Toys,4,63000.00,Credit Card,2025-07-09,,252000.00
7,MJ25X0415,C500415,Female,35,Clothing,5,810000.00,Credit Card,2025-07-20,,4050000.00
7,MJ25X0416,C500416,Male,40,Souvenir,7,1700000.00,Cash,2025-07-03,,11900000.00
7,MJ25X0417,C500417,Male,30,Books,1,3200000.00,Cash,2025-07-14,,3200000.00
7,MJ25X0418,C500418,Female,62,Cosmetics,13,195000.00,Debit Card,2025-07-25,,2535000.00
7,MJ25X0419,C500419,Female,32,Souvenir,5,3200000.00,Credit Card,2025-07-08,,16000000.00
7,MJ25X0420,C500420,Male,27,Technology,8,41000.00,Cash,2025-07-19,,328000.00
7,MJ25X0421,C500421,Female,60,Clothing,8,27000.00,Debit Card,2025-07-02,,216000.00
7,MJ25X0422,C500422,Female,68,Technology,14,195000.00,Credit Card,2025-07-13,,2730000.00
7,MJ25X0423,C500423,Female,37,Clothing,6,118000.00,Debit Card,2025-07-24,,708000.00
7,MJ25X0424,C500424,Female,41,Souvenir,1,63000.00,Credit Card,2025-07-07,,63000.00
7,MJ25X0425,C500425,Female,21,Technology,6,27000.00,Credit Card,2025-07-18,,162000.00
7,MJ25X0426,C500426,Female,73,Shoes,2,3200000.00,Debit Card,2025-07-01,,6400000.00
7,MJ25X0427,C500427,Male,60,Food & Beverage,2,195000.00,Debit Card,2025-07-12,,390000.00
7,MJ25X0428,C500428,Male,31,Food & Beverage,3,3200000.00,Credit Card,2025-07-23,,9600000.00
7,MJ25X0429,C500429,Male,20,Clothing,2,27000.00,Cash,2025-07-06,,54000.00
7,MJ25X0430,C500430,Male,66,Shoes,11,41000.00,Credit Card,2025-07-17,,451000.00
7,MJ25X0431,C500431,Female,53,Toys,2,5600000.00,Debit Card,2025-07-28,,11200000.00
7,MJ25X0432,C500432,Male,53,Clothing,6,3200000.00,Debit Card,2025-07-11,,19200000.00
7,MJ25X0433,C500433,Male,74,Food & Beverage,3,195000.00,Cash,2025-07-22,,585000.00
7,MJ25X0434,C500434,Female,24,Food & Beverage,13,3200000.00,Credit Card,2025-07-05,,41600000.00
7,MJ25X0435,C500435,Female,23,Food & Beverage,1,41000.00,Credit Card,2025-07-16,,41000.00
7,MJ25X0436,C500436,Female,46,Toys,3,41000.00,Credit Card,2025-07-27,,123000.00
7,MJ25X0437,C500437,Female,71,Food & Beverage,4,810000.00,Credit Card,2025-07-10,,3240000.00
7,MJ25X0438,C500438,Female,63,Food & Beverage,3,41000.00,Debit Card,2025-07-21,,123000.00
7,MJ25X0439,C500439,Female,58,Clothing,6,3200000.00,Debit Card,2025-07-04,,19200000.00
7,MJ25X0440,C500440,Male,51,Books,7,118000.00,Cash,2025-07-15,,826000.00
7,MJ25X0441,C500441,Female,40,Souvenir,14,27000.00,Debit Card,2025-07-26,,378000.00
7,MJ25X0442,C500442,Female,63,Food & Beverage,9,5600000.00,Credit Card,2025-07-09,,50400000.00
7,MJ25X0443,C500443,Male,20,Toys,10,810000.00,Cash,2025-07-20,,8100000.00
7,MJ25X0444,C500444,Male,79,Toys,10,365000.00,Credit Card,2025-07-03,,3650000.00
7,MJ25X0445,C500445,Male,31,Souvenir,11,27000.00,Debit Card,2025-07-14,,297000.00
7,MJ25X0446,C500446,Male,49,Souvenir,11,1700000.00,Debit Card,2025-07-25,,18700000.00
7,MJ25X0447,C500447,Female,45,Souvenir,4,810000.00,Cash,2025-07-08,,3240000.00
7,MJ25X0448,C500448,Male,58,Toys,8,3200000.00,Cash,2025-07-19,,25600000.00
7,MJ25X0449,C500449,Female,27,Clothing,6,5600000.00,Credit Card,2025-07-02,,33600000.00
7,MJ25X0450,C500450,Female,34,Toys,5,3200000.00,Cash,2025-07-13,,16000000.00
7,MJ25X0451,C500451,Male,29,Books,14,5600000.00,Credit Card,2025-07-24,,78400000.00
7,MJ25X0452,C500452,Female,31,Cosmetics,8,195000.00,Cash,2025-07-07,,1560000.00
7,MJ25X0453,C500453,Female,37,Books,5,3200000.00,Debit Card,2025-07-18,,16000000.00
7,MJ25X0454,C500454,Female,75,Shoes,7,365000.00,Debit Card,2025-07-01,,2555000.00
7,MJ25X0455,C500455,Male,74,Souvenir,15,41000.00,Debit Card,2025-07-12,,615000.00
7,MJ25X0456,C500456,Female,80,Books,3,195000.00,Debit Card,2025-08-09,,585000.00
7,MJ25X0457,C500457,Male,40,Toys,9,118000.00,Cash,2025-08-20,,1062000.00
7,MJ25X0458,C500458,Female,78,Souvenir,10,1700000.00,Credit Card,2025-08-03,,17000000.00
7,MJ25X0459,C500459,Male,61,Cosmetics,8,63000.00,Credit Card,2025-08-14,,504000.00
7,MJ25X0460,C500460,Male,74,Toys,7,27000.00,Debit Card,2025-08-25,,189000.00
7,MJ25X0461,C500461,Female,24,Books,7,810000.00,Credit Card,2025-08-08,,5670000.00
7,MJ25X0462,C500462,Male,39,Toys,14,41000.00,Credit Card,2025-08-19,,574000.00
7,MJ25X0463,C500463,Male,28,Books,1,3200000.00,Credit Card,2025-08-02,,3200000.00
7,MJ25X0464,C500464,Male,20,Shoes,13,1700000.00,Credit Card,2025-08-13,,22100000.00
7,MJ25X0465,C500465,Female,41,Cosmetics,9,63000.00,Debit Card,2025-08-24,,567000.00
7,MJ25X0466,C500466,Female,58,Souvenir,14,195000.00,Credit Card,2025-08-07,,2730000.00
7,MJ25X0467,C500467,Male,26,Food & Beverage,15,63000.00,Cash,2025-08-18,,945000.00
7,MJ25X0468,C500468,Male,21,Food & Beverage,6,195000.00,Credit Card,2025-08-01,,1170000.00
7,MJ25X0469,C500469,Male,48,Clothing,14,41000.00,Cash,2025-08-12,,574000.00
7,MJ25X0470,C500470,Female,24,Toys,11,5600000.00,Debit Card,2025-08-23,,61600000.00
7,MJ25X0471,C500471,Female,27,Clothing,11,27000.00,Credit Card,2025-08-06,,297000.00
7,MJ25X0472,C500472,Male,68,Cosmetics,9,195000.00,Cash,2025-08-17,,1755000.00
7,MJ25X0473,C500473,Male,70,Technology,8,118000.00,Credit Card,2025-08-28,,944000.00
7,MJ25X0474,C500474,Male,78,Clothing,11,5600000.00,Cash,2025-08-11,,61600000.00
7,MJ25X0475,C500475,Female,44,Technology,15,27000.00,Credit Card,2025-08-22,,405000.00
7,MJ25X0476,C500476,Male,70,Cosmetics,15,365000.00,Debit Card,2025-08-05,,5475000.00
7,MJ25X0477,C500477,Female,36,Technology,4,118000.00,Credit Card,2025-08-16,,472000.00
7,MJ25X0478,C500478,Male,74,Technology,3,1700000.00,Credit Card,2025-08-27,,5100000.00
7,MJ25X0479,C500479,Female,73,Clothing,15,41000.00,Credit Card,2025-08-10,,615000.00
7,MJ25X0480,C500480,Female,72,Food & Beverage,4,41000.00,Cash,2025-08-21,,164000.00
7,MJ25X0481,C500481,Female,29,Souvenir,14,1700000.00,Debit Card,2025-08-04,,23800000.00
7,MJ25X0482,C500482,Male,75,Toys,6,5600000.00,Credit Card,2025-08-15,,33600000.00
7,MJ25X0483,C500483,Male,48,Food & Beverage,2,1700000.00,Credit Card,2025-08-26,,3400000.00
7,MJ25X0484,C500484,Male,71,Technology,5,118000.00,Cash,2025-08-09,,590000.00
7,MJ25X0485,C500485,Male,75,Food & Beverage,13,3200000.00,Cash,2025-08-20,,41600000.00
7,MJ25X0486,C500486,Male,66,Shoes,4,3200000.00,Credit Card,2025-08-03,,12800000.00
7,MJ25X0487,C500487,Male,36,Souvenir,13,1700000.00,Debit Card,2025-08-14,,22100000.00
7,MJ25X0488,C500488,Male,31,Souvenir,5,27000.00,Cash,2025-08-25,,135000.00
7,MJ25X0489,C500489,Male,19,Toys,4,41000.00,Cash,2025-08-08,,164000.00
7,MJ25X0490,C500490,Female,75,Food & Beverage,2,5600000.00,Credit Card,2025-08-19,,11200000.00
7,MJ25X0491,C500491,Male,43,Cosmetics,6,365000.00,Cash,2025-08-02,,2190000.00
7,MJ25X0492,C500492,Male,36,Cosmetics,6,118000.00,Credit Card,2025-08-13,,708000.00
7,MJ25X0493,C500493,Male,21,Books,1,195000.00,Debit Card,2025-08-24,,195000.00
7,MJ25X0494,C500494,Male,32,Technology,1,365000.00,Debit Card,2025-08-07,,365000.00
7,MJ25X0495,C500495,Male,25,Souvenir,7,63000.00,Cash,2025-08-18,,441000.00
7,MJ25X0496,C500496,Male,26,Cosmetics,1,63000.00,Credit Card,2025-08-01,,63000.00
7,MJ25X0497,C500497,Male,39,Shoes,4,5600000.00,Credit Card,2025-08-12,,22400000.00
7,MJ25X0498,C500498,Male,79,Food & Beverage,8,810000.00,Debit Card,2025-08-23,,6480000.00
7,MJ25X0499,C500499,Female,30,Souvenir,4,1700000.00,Debit Card,2025-08-06,,6800000.00
7,MJ25X0500,C500500,Male,50,Shoes,12,1700000.00,Cash,2025-08-17,,20400000.00
7,MJ25X0501,C500501,Male,71,Toys,3,195000.00,Credit Card,2025-08-28,,585000.00
7,MJ25X0502,C500502,Female,44,Shoes,6,41000.00,Debit Card,2025-08-11,,246000.00
7,MJ25X0503,C500503,Female,19,Food & Beverage,3,27000.00,Cash,2025-08-22,,81000.00
7,MJ25X0504,C500504,Male,30,Books,8,118000.00,Credit Card,2025-08-05,,944000.00
7,MJ25X0505,C500505,Female,64,Cosmetics,1,27000.00,Debit Card,2025-08-16,,27000.00
7,MJ25X0506,C500506,Female,35,Books,14,27000.00,Debit Card,2025-08-27,,378000.00
7,MJ25X0507,C500507,Female,69,Cosmetics,1,365000.00,Cash,2025-08-10,,365000.00
7,MJ25X0508,C500508,Male,40,Food & Beverage,1,118000.00,Debit Card,2025-08-21,,118000.00
7,MJ25X0509,C500509,Male,28,Food & Beverage,4,195000.00,Credit Card,2025-08-04,,780000.00
7,MJ25X0510,C500510,Female,37,Souvenir,15,118000.00,Credit Card,2025-08-15,,1770000.00
7,MJ25X0511,C500511,Female,28,Food & Beverage,4,810000.00,Cash,2025-08-26,,3240000.00
7,MJ25X0512,C500512,Female,75,Books,15,5600000.00,Cash,2025-08-09,,84000000.00
7,MJ25X0513,C500513,Female,18,Cosmetics,9,1700000.00,Credit Card,2025-08-20,,15300000.00
7,MJ25X0514,C500514,Male,47,Books,15,195000.00,Debit Card,2025-08-03,,2925000.00
7,MJ25X0515,C500515,Male,65,Shoes,11,63000.00,Cash,2025-08-14,,693000.00
7,MJ25X0516,C500516,Male,39,Books,4,118000.00,Cash,2025-08-25,,472000.00
7,MJ25X0517,C500517,Female,35,Cosmetics,11,41000.00,Credit Card,2025-08-08,,451000.00
7,MJ25X0518,C500518,Male,65,Books,3,5600000.00,Cash,2025-08-19,,16800000.00
7,MJ25X0519,C500519,Male,29,Food & Beverage,14,63000.00,Debit Card,2025-08-02,,882000.00
7,MJ25X0520,C500520,Male,80,Cosmetics,7,27000.00,Debit Card,2025-08-13,,189000.00
7,MJ25X0521,C500521,Female,62,Shoes,14,63000.00,Debit Card,2025-09-10,,882000.00
7,MJ25X0522,C500522,Female,62,Shoes,11,118000.00,Credit Card,2025-09-21,,1298000.00
7,MJ25X0523,C500523,Male,75,Souvenir,9,118000.00,Credit Card,2025-09-04,,1062000.00
7,MJ25X0524,C500524,Male,24,Food & Beverage,3,41000.00,Cash,2025-09-15,,123000.00
7,MJ25X0525,C500525,Female,29,Toys,12,5600000.00,Cash,2025-09-26,,67200000.00
7,MJ25X0526,C500526,Male,76,Shoes,6,41000.00,Debit Card,2025-09-09,,246000.00
7,MJ25X0527,C500527,Male,71,Clothing,4,118000.00,Debit Card,2025-09-20,,472000.00
7,MJ25X0528,C500528,Female,69,Technology,3,63000.00,Cash,2025-09-03,,189000.00
7,MJ25X0529,C500529,Female,46,Food & Beverage,12,1700000.00,Debit Card,2025-09-14,,20400000.00
7,MJ25X0530,C500530,Female,34,Clothing,13,1700000.00,Debit Card,2025-09-25,,22100000.00
7,MJ25X0531,C500531,Female,29,Cosmetics,2,810000.00,Credit Card,2025-09-08,,1620000.00
7,MJ25X0532,C500532,Male,18,Food & Beverage,11,41000.00,Credit Card,2025-09-19,,451000.00
7,MJ25X0533,C500533,Male,76,Shoes,9,3200000.00,Credit Card,2025-09-02,,28800000.00
7,MJ25X0534,C500534,Female,46,Books,1,810000.00,Debit Card,2025-09-13,,810000.00
7,MJ25X0535,C500535,Female,39,Technology,9,810000.00,Credit Card,2025-09-24,,7290000.00
7,MJ25X0536,C500536,Male,73,Shoes,14,27000.00,Cash,2025-09-07,,378000.00
7,MJ25X0537,C500537,Male,74,Technology,14,810000.00,Credit Card,2025-09-18,,11340000.00
7,MJ25X0538,C500538,Male,28,Books,10,27000.00,Cash,2025-09-01,,270000.00
7,MJ25X0539,C500539,Male,66,Books,14,27000.00,Cash,2025-09-12,,378000.00
7,MJ25X0540,C500540,Male,57,Shoes,1,5600000.00,Debit Card,2025-09-23,,5600000.00
7,MJ25X0541,C500541,Male,45,Books,2,27000.00,Cash,2025-09-06,,54000.00
7,MJ25X0542,C500542,Female,46,Souvenir,8,63000.00,Cash,2025-09-17,,504000.00
7,MJ25X0543,C500543,Female,76,Food & Beverage,15,3200000.00,Cash,2025-09-28,,48000000.00
7,MJ25X0544,C500544,Female,30,Toys,4,41000.00,Cash,2025-09-11,,164000.00
7,MJ25X0545,C500545,Female,32,Technology,11,27000.00,Debit Card,2025-09-22,,297000.00
7,MJ25X0546,C500546,Female,37,Technology,13,63000.00,Cash,2025-09-05,,819000.00
7,MJ25X0547,C500547,Female,68,Cosmetics,15,63000.00,Credit Card,2025-09-16,,945000.00
7,MJ25X0548,C500548,Female,63,Toys,7,118000.00,Credit Card,2025-09-27,,826000.00
7,MJ25X0549,C500549,Female,75,Souvenir,14,1700000.00,Debit Card,2025-09-10,,23800000.00
7,MJ25X0550,C500550,Male,49,Cosmetics,4,1700000.00,Debit Card,2025-09-21,,6800000.00
7,MJ25X0551,C500551,Male,42,Clothing,4,5600000.00,Credit Card,2025-09-04,,22400000.00
7,MJ25X0552,C500552,Female,50,Toys,10,27000.00,Credit Card,2025-09-15,,270000.00
7,MJ25X0553,C500553,Male,79,Food & Beverage,6,118000.00,Credit Card,2025-09-26,,708000.00
7,MJ25X0554,C500554,Female,54,Food & Beverage,5,41000.00,Credit Card,2025-09-09,,205000.00
7,MJ25X0555,C500555,Male,54,Technology,10,27000.00,Cash,2025-09-20,,270000.00
7,MJ25X0556,C500556,Female,74,Souvenir,14,365000.00,Cash,2025-09-03,,5110000.00
7,MJ25X0557,C500557,Female,48,Clothing,15,365000.00,Debit Card,2025-09-14,,5475000.00
7,MJ25X0558,C500558,Male,67,Books,13,810000.00,Cash,2025-09-25,,10530000.00
7,MJ25X0559,C500559,Female,78,Clothing,3,118000.00,Debit Card,2025-09-08,,354000.00
7,MJ25X0560,C500560,Female,61,Technology,4,27000.00,Debit Card,2025-09-19,,108000.00
7,MJ25X0561,C500561,Male,50,Cosmetics,10,41000.00,Debit Card,2025-09-02,,410000.00
7,MJ25X0562,C500562,Female,40,Souvenir,11,41000.00,Credit Card,2025-09-13,,451000.00
7,MJ25X0563,C500563,Male,54,Food & Beverage,6,3200000.00,Cash,2025-09-24,,19200000.00
7,MJ25X0564,C500564,Female,29,Cosmetics,11,195000.00,Credit Card,2025-09-07,,2145000.00
7,MJ25X0565,C500565,Female,74,Cosmetics,6,41000.00,Debit Card,2025-09-18,,246000.00
7,MJ25X0566,C500566,Male,68,Books,8,365000.00,Debit Card,2025-09-01,,2920000.00
7,MJ25X0567,C500567,Female,54,Clothing,10,195000.00,Credit Card,2025-09-12,,1950000.00
7,MJ25X0568,C500568,Female,44,Cosmetics,7,810000.00,Debit Card,2025-09-23,,5670000.00
7,MJ25X0569,C500569,Male,63,Cosmetics,2,5600000.00,Debit Card,2025-09-06,,11200000.00
7,MJ25X0570,C500570,Male,60,Shoes,7,27000.00,Cash,2025-09-17,,189000.00
7,MJ25X0571,C500571,Female,57,Books,7,195000.00,Debit Card,2025-09-28,,1365000.00
7,MJ25X0572,C500572,Female,75,Clothing,13,3200000.00,Debit Card,2025-09-11,,41600000.00
7,MJ25X0573,C500573,Male,55,Books,4,365000.00,Debit Card,2025-09-22,,1460000.00
7,MJ25X0574,C500574,Male,53,Clothing,2,1700000.00,Credit Card,2025-09-05,,3400000.00
7,MJ25X0575,C500575,Female,74,Toys,4,63000.00,Cash,2025-09-16,,252000.00
7,MJ25X0576,C500576,Female,58,Shoes,12,365000.00,Cash,2025-09-27,,4380000.00
7,MJ25X0577,C500577,Female,63,Toys,15,63000.00,Debit Card,2025-09-10,,945000.00
7,MJ25X0578,C500578,Female,71,Toys,13,118000.00,Cash,2025-09-21,,1534000.00
7,MJ25X0579,C500579,Female,34,Food & Beverage,7,3200000.00,Cash,2025-09-04,,22400000.00
7,MJ25X0580,C500580,Female,30,Souvenir,7,118000.00,Credit Card,2025-09-15,,826000.00
7,MJ25X0581,C500581,Female,78,Clothing,11,41000.00,Debit Card,2025-09-26,,451000.00
7,MJ25X0582,C500582,Female,67,Food & Beverage,4,195000.00,Cash,2025-09-09,,780000.00
7,MJ25X0583,C500583,Male,73,Technology,12,118000.00,Debit Card,2025-09-20,,1416000.00
7,MJ25X0584,C500584,Male,74,Cosmetics,13,41000.00,Cash,2025-09-03,,533000.00
7,MJ25X0585,C500585,Male,44,Souvenir,1,195000.00,Credit Card,2025-09-14,,195000.00
7,MJ25X0586,C500586,Female,40,Toys,3,3200000.00,Debit Card,2025-10-11,,9600000.00
7,MJ25X0587,C500587,Female,51,Food & Beverage,8,3200000.00,Cash,2025-10-22,,25600000.00
7,MJ25X0588,C500588,Female,79,Toys,6,118000.00,Cash,2025-10-05,,708000.00
7,MJ25X0589,C500589,Male,62,Technology,4,810000.00,Debit Card,2025-10-16,,3240000.00
7,MJ25X0590,C500590,Male,29,Toys,7,63000.00,Credit Card,2025-10-27,,441000.00
7,MJ25X0591,C500591,Male,73,Shoes,8,1700000.00,Credit Card,2025-10-10,,13600000.00
7,MJ25X0592,C500592,Female,40,Cosmetics,13,63000.00,Debit Card,2025-10-21,,819000.00
7,MJ25X0593,C500593,Female,38,Food & Beverage,3,63000.00,Credit Card,2025-10-04,,189000.00
7,MJ25X0594,C500594,Male,48,Books,2,3200000.00,Cash,2025-10-15,,6400000.00
7,MJ25X0595,C500595,Male,40,Cosmetics,7,41000.00,Debit Card,2025-10-26,,287000.00
7,MJ25X0596,C500596,Female,33,Shoes,5,810000.00,Cash,2025-10-09,,4050000.00
7,MJ25X0597,C500597,Male,49,Cosmetics,1,365000.00,Debit Card,2025-10-20,,365000.00
7,MJ25X0598,C500598,Male,41,Technology,8,118000.00,Debit Card,2025-10-03,,944000.00
7,MJ25X0599,C500599,Male,66,Toys,6,365000.00,Cash,2025-10-14,,2190000.00
7,MJ25X0600,C500600,Female,79,Souvenir,10,41000.00,Credit Card,2025-10-25,,410000.00
7,MJ25X0601,C500601,Female,36,Books,5,27000.00,Cash,2025-10-08,,135000.00
7,MJ25X0602,C500602,Female,61,Souvenir,6,3200000.00,Credit Card,2025-10-19,,19200000.00
7,MJ25X0603,C500603,Female,67,Technology,13,810000.00,Credit Card,2025-10-02,,10530000.00
7,MJ25X0604,C500604,Male,18,Toys,4,118000.00,Cash,2025-10-13,,472000.00
7,MJ25X0605,C500605,Male,74,Food & Beverage,12,1700000.00,Credit Card,2025-10-24,,20400000.00
7,MJ25X0606,C500606,Female,71,Cosmetics,7,27000.00,Credit Card,2025-10-07,,189000.00
7,MJ25X0607,C500607,Female,65,Technology,9,27000.00,Credit Card,2025-10-18,,243000.00
7,MJ25X0608,C500608,Male,19,Cosmetics,11,118000.00,Debit Card,2025-10-01,,1298000.00
7,MJ25X0609,C500609,Female,62,Books,8,195000.00,Cash,2025-10-12,,1560000.00
7,MJ25X0610,C500610,Female,65,Clothing,2,41000.00,Credit Card,2025-10-23,,82000.00
7,MJ25X0611,C500611,Female,34,Shoes,7,5600000.00,Cash,2025-10-06,,39200000.00
7,MJ25X0612,C500612,Female,73,Books,13,1700000.00,Cash,2025-10-17,,22100000.00
7,MJ25X0613,C500613,Female,64,Toys,14,810000.00,Credit Card,2025-10-28,,11340000.00
7,MJ25X0614,C500614,Male,18,Toys,9,118000.00,Debit Card,2025-10-11,,1062000.00
7,MJ25X0615,C500615,Female,62,Shoes,6,810000.00,Credit Card,2025-10-22,,4860000.00
7,MJ25X0616,C500616,Female,18,Shoes,4,3200000.00,Debit Card,2025-10-05,,12800000.00
7,MJ25X0617,C500617,Female,51,Food & Beverage,13,195000.00,Cash,2025-10-16,,2535000.00
7,MJ25X0618,C500618,Female,60,Books,15,195000.00,Debit Card,2025-10-27,,2925000.00
7,MJ25X0619,C500619,Male,29,Books,4,810000.00,Cash,2025-10-10,,3240000.00
7,MJ25X0620,C500620,Male,33,Toys,6,41000.00,Cash,2025-10-21,,246000.00
7,MJ25X0621,C500621,Male,29,Toys,5,810000.00,Credit Card,2025-10-04,,4050000.00
7,MJ25X0622,C500622,Female,22,Books,9,41000.00,Credit Card,2025-10-15,,369000.00
7,MJ25X0623,C500623,Female,20,Cosmetics,13,195000.00,Cash,2025-10-26,,2535000.00
7,MJ25X0624,C500624,Male,21,Shoes,14,27000.00,Cash,2025-10-09,,378000.00
7,MJ25X0625,C500625,Male,31,Souvenir,7,810000.00,Debit Card,2025-10-20,,5670000.00
7,MJ25X0626,C500626,Male,48,Food & Beverage,12,118000.00,Cash,2025-10-03,,1416000.00
7,MJ25X0627,C500627,Female,22,Books,4,195000.00,Credit Card,2025-10-14,,780000.00
7,MJ25X0628,C500628,Male,69,Books,9,41000.00,Credit Card,2025-10-25,,369000.00
7,MJ25X0629,C500629,Male,45,Clothing,6,810000.00,Cash,2025-10-08,,4860000.00
7,MJ25X0630,C500630,Female,64,Food & Beverage,5,41000.00,Debit Card,2025-10-19,,205000.00
7,MJ25X0631,C500631,Female,35,Cosmetics,10,5600000.00,Debit Card,2025-10-02,,56000000.00
7,MJ25X0632,C500632,Male,26,Cosmetics,2,41000.00,Cash,2025-10-13,,82000.00
7,MJ25X0633,C500633,Female,71,Toys,5,3200000.00,Debit Card,2025-10-24,,16000000.00
7,MJ25X0634,C500634,Male,21,Souvenir,4,118000.00,Credit Card,2025-10-07,,472000.00
7,MJ25X0635,C500635,Female,28,Food & Beverage,8,63000.00,Debit Card,2025-10-18,,504000.00
7,MJ25X0636,C500636,Female,31,Cosmetics,14,1700000.00,Cash,2025-10-01,,23800000.00
7,MJ25X0637,C500637,Female,42,Clothing,14,1700000.00,Credit Card,2025-10-12,,23800000.00
7,MJ25X0638,C500638,Male,34,Technology,15,1700000.00,Credit Card,2025-10-23,,25500000.00
7,MJ25X0639,C500639,Male,79,Souvenir,3,3200000.00,Debit Card,2025-10-06,,9600000.00
7,MJ25X0640,C500640,Female,80,Toys,4,3200000.00,Cash,2025-10-17,,12800000.00
7,MJ25X0641,C500641,Male,75,Books,10,3200000.00,Debit Card,2025-10-28,,32000000.00
7,MJ25X0642,C500642,Male,73,Food & Beverage,14,118000.00,Credit Card,2025-10-11,,1652000.00
7,MJ25X0643,C500643,Male,52,Books,15,63000.00,Debit Card,2025-10-22,,945000.00
7,MJ25X0644,C500644,Female,79,Shoes,4,3200000.00,Credit Card,2025-10-05,,12800000.00
7,MJ25X0645,C500645,Male,71,Cosmetics,7,63000.00,Cash,2025-10-16,,441000.00
7,MJ25X0646,C500646,Female,60,Food & Beverage,6,195000.00,Debit Card,2025-10-27,,1170000.00
7,MJ25X0647,C500647,Male,72,Technology,3,118000.00,Cash,2025-10-10,,354000.00
7,MJ25X0648,C500648,Female,71,Technology,12,1700000.00,Credit Card,2025-10-21,,20400000.00
7,MJ25X0649,C500649,Female,34,Technology,3,3200000.00,Cash,2025-10-04,,9600000.00
7,MJ25X0650,C500650,Male,48,Clothing,5,195000.00,Credit Card,2025-10-15,,975000.00
7,MJ25X0651,C500651,Female,76,Souvenir,11,195000.00,Debit Card,2025-11-12,,2145000.00
7,MJ25X0652,C500652,Male,74,Technology,2,5600000.00,Debit Card,2025-11-23,,11200000.00
7,MJ25X0653,C500653,Female,32,Toys,5,365000.00,Credit Card,2025-11-06,,1825000.00
7,MJ25X0654,C500654,Male,61,Shoes,1,3200000.00,Credit Card,2025-11-17,,3200000.00
7,MJ25X0655,C500655,Female,19,Books,2,118000.00,Credit Card,2025-11-28,,236000.00
7,MJ25X0656,C500656,Female,59,Cosmetics,14,1700000.00,Debit Card,2025-11-11,,23800000.00
7,MJ25X0657,C500657,Female,62,Food & Beverage,1,5600000.00,Debit Card,2025-11-22,,5600000.00
7,MJ25X0658,C500658,Male,43,Cosmetics,11,63000.00,Debit Card,2025-11-05,,693000.00
7,MJ25X0659,C500659,Female,23,Food & Beverage,6,365000.00,Credit Card,2025-11-16,,2190000.00
7,MJ25X0660,C500660,Female,35,Clothing,14,3200000.00,Credit Card,2025-11-27,,44800000.00
7,MJ25X0661,C500661,Female,71,Books,8,365000.00,Debit Card,2025-11-10,,2920000.00
7,MJ25X0662,C500662,Male,61,Shoes,5,810000.00,Debit Card,2025-11-21,,4050000.00
7,MJ25X0663,C500663,Male,66,Shoes,6,365000.00,Debit Card,2025-11-04,,2190000.00
7,MJ25X0664,C500664,Female,67,Shoes,7,41000.00,Cash,2025-11-15,,287000.00
7,MJ25X0665,C500665,Male,60,Cosmetics,11,5600000.00,Cash,2025-11-26,,61600000.00
7,MJ25X0666,C500666,Female,18,Cosmetics,9,27000.00,Credit Card,2025-11-09,,243000.00
7,MJ25X0667,C500667,Male,72,Cosmetics,7,3200000.00,Credit Card,2025-11-20,,22400000.00
7,MJ25X0668,C500668,Female,22,Toys,4,195000.00,Cash,2025-11-03,,780000.00
7,MJ25X0669,C500669,Female,79,Shoes,13,1700000.00,Debit Card,2025-11-14,,22100000.00
7,MJ25X0670,C500670,Female,67,Technology,10,195000.00,Credit Card,2025-11-25,,1950000.00
7,MJ25X0671,C500671,Male,43,Shoes,1,365000.00,Cash,2025-11-08,,365000.00
7,MJ25X0672,C500672,Female,30,Toys,13,63000.00,Cash,2025-11-19,,819000.00
7,MJ25X0673,C500673,Male,31,Toys,8,63000.00,Debit Card,2025-11-02,,504000.00
7,MJ25X0674,C500674,Male,49,Books,2,5600000.00,Credit Card,2025-11-13,,11200000.00
7,MJ25X0675,C500675,Male,38,Food & Beverage,14,41000.00,Cash,2025-11-24,,574000.00
7,MJ25X0676,C500676,Male,79,Food & Beverage,6,27000.00,Debit Card,2025-11-07,,162000.00
7,MJ25X0677,C500677,Female,64,Souvenir,6,63000.00,Credit Card,2025-11-18,,378000.00
7,MJ25X0678,C500678,Female,63,Technology,10,27000.00,Debit Card,2025-11-01,,270000.00
7,MJ25X0679,C500679,Female,45,Books,14,63000.00,Cash,2025-11-12,,882000.00
7,MJ25X0680,C500680,Female,55,Souvenir,11,810000.00,Cash,2025-11-23,,8910000.00
7,MJ25X0681,C500681,Female,59,Toys,3,365000.00,Credit Card,2025-11-06,,1095000.00
7,MJ25X0682,C500682,Female,24,Souvenir,1,365000.00,Cash,2025-11-17,,365000.00
7,MJ25X0683,C500683,Male,38,Technology,9,810000.00,Credit Card,2025-11-28,,7290000.00
7,MJ25X0684,C500684,Male,77,Food & Beverage,5,810000.00,Credit Card,2025-11-11,,4050000.00
7,MJ25X0685,C500685,Male,48,Books,3,27000.00,Debit Card,2025-11-22,,81000.00
7,MJ25X0686,C500686,Female,70,Books,9,3200000.00,Cash,2025-11-05,,28800000.00
7,MJ25X0687,C500687,Male,76,Technology,14,27000.00,Cash,2025-11-16,,378000.00
7,MJ25X0688,C500688,Male,56,Cosmetics,9,365000.00,Cash,2025-11-27,,3285000.00
7,MJ25X0689,C500689,Female,60,Food & Beverage,1,41000.00,Debit Card,2025-11-10,,41000.00
7,MJ25X0690,C500690,Female,76,Shoes,15,63000.00,Cash,2025-11-21,,945000.00
7,MJ25X0691,C500691,Male,22,Shoes,9,118000.00,Credit Card,2025-11-04,,1062000.00
7,MJ25X0692,C500692,Female,54,Toys,4,3200000.00,Cash,2025-11-15,,12800000.00
7,MJ25X0693,C500693,Male,46,Technology,6,365000.00,Cash,2025-11-26,,2190000.00
7,MJ25X0694,C500694,Female,77,Food & Beverage,5,810000.00,Credit Card,2025-11-09,,4050000.00
7,MJ25X0695,C500695,Female,58,Souvenir,1,1700000.00,Cash,2025-11-20,,1700000.00
7,MJ25X0696,C500696,Male,28,Souvenir,3,5600000.00,Cash,2025-11-03,,16800000.00
7,MJ25X0697,C500697,Male,34,Food & Beverage,8,63000.00,Cash,2025-11-14,,504000.00
7,MJ25X0698,C500698,Female,61,Technology,1,810000.00,Credit Card,2025-11-25,,810000.00
7,MJ25X0699,C500699,Male,24,Toys,2,365000.00,Debit Card,2025-11-08,,730000.00
7,MJ25X0700,C500700,Male,69,Cosmetics,10,63000.00,Debit Card,2025-11-19,,630000.00
7,MJ25X0701,C500701,Male,38,Toys,7,27000.00,Credit Card,2025-11-02,,189000.00
7,MJ25X0702,C500702,Male,46,Shoes,8,27000.00,Cash,2025-11-13,,216000.00
7,MJ25X0703,C500703,Male,37,Technology,15,810000.00,Cash,2025-11-24,,12150000.00
7,MJ25X0704,C500704,Male,35,Food & Beverage,9,1700000.00,Cash,2025-11-07,,15300000.00
7,MJ25X0705,C500705,Male,24,Clothing,14,63000.00,Credit Card,2025-11-18,,882000.00
7,MJ25X0706,C500706,Female,71,Technology,9,810000.00,Credit Card,2025-11-01,,7290000.00
7,MJ25X0707,C500707,Male,28,Cosmetics,11,365000.00,Credit Card,2025-11-12,,4015000.00
7,MJ25X0708,C500708,Female,71,Books,6,365000.00,Debit Card,2025-11-23,,2190000.00
7,MJ25X0709,C500709,Male,60,Technology,8,118000.00,Cash,2025-11-06,,944000.00
7,MJ25X0710,C500710,Male,65,Toys,5,27000.00,Cash,2025-11-17,,135000.00
7,MJ25X0711,C500711,Female,27,Toys,8,27000.00,Credit Card,2025-11-28,,216000.00
7,MJ25X0712,C500712,Female,29,Cosmetics,12,41000.00,Credit Card,2025-11-11,,492000.00
7,MJ25X0713,C500713,Male,58,Clothing,10,5600000.00,Cash,2025-11-22,,56000000.00
7,MJ25X0714,C500714,Male,27,Cosmetics,14,195000.00,Debit Card,2025-11-05,,2730000.00
7,MJ25X0715,C500715,Male,78,Books,8,118000.00,Cash,2025-11-16,,944000.00
7,MJ25X0716,C500716,Female,55,Cosmetics,4,41000.00,Cash,2025-12-13,,164000.00
7,MJ25X0717,C500717,Male,18,Cosmetics,7,365000.00,Cash,2025-12-24,,2555000.00
7,MJ25X0718,C500718,Female,19,Cosmetics,6,1700000.00,Debit Card,2025-12-07,,10200000.00
7,MJ25X0719,C500719,Male,42,Clothing,7,1700000.00,Credit Card,2025-12-18,,11900000.00
7,MJ25X0720,C500720,Male,54,Technology,9,27000.00,Credit Card,2025-12-01,,243000.00
7,MJ25X0721,C500721,Male,70,Shoes,13,27000.00,Credit Card,2025-12-12,,351000.00
7,MJ25X0722,C500722,Female,45,Clothing,10,195000.00,Credit Card,2025-12-23,,1950000.00
7,MJ25X0723,C500723,Male,71,Cosmetics,13,41000.00,Cash,2025-12-06,,533000.00
7,MJ25X0724,C500724,Female,31,Cosmetics,11,195000.00,Credit Card,2025-12-17,,2145000.00
7,MJ25X0725,C500725,Female,45,Technology,12,195000.00,Cash,2025-12-28,,2340000.00
7,MJ25X0726,C500726,Male,54,Souvenir,7,63000.00,Credit Card,2025-12-11,,441000.00
7,MJ25X0727,C500727,Female,43,Shoes,2,41000.00,Cash,2025-12-22,,82000.00
7,MJ25X0728,C500728,Male,31,Clothing,15,27000.00,Debit Card,2025-12-05,,405000.00
7,MJ25X0729,C500729,Male,40,Books,12,5600000.00,Cash,2025-12-16,,67200000.00
7,MJ25X0730,C500730,Male,71,Books,13,5600000.00,Credit Card,2025-12-27,,72800000.00
7,MJ25X0731,C500731,Male,57,Shoes,12,195000.00,Credit Card,2025-12-10,,2340000.00
7,MJ25X0732,C500732,Male,77,Souvenir,9,810000.00,Debit Card,2025-12-21,,7290000.00
7,MJ25X0733,C500733,Male,73,Technology,5,810000.00,Debit Card,2025-12-04,,4050000.00
7,MJ25X0734,C500734,Female,18,Shoes,2,27000.00,Debit Card,2025-12-15,,54000.00
7,MJ25X0735,C500735,Female,75,Shoes,6,3200000.00,Debit Card,2025-12-26,,19200000.00
7,MJ25X0736,C500736,Male,80,Cosmetics,14,810000.00,Credit Card,2025-12-09,,11340000.00
7,MJ25X0737,C500737,Female,47,Clothing,14,5600000.00,Credit Card,2025-12-20,,78400000.00
7,MJ25X0738,C500738,Female,56,Food & Beverage,1,118000.00,Credit Card,2025-12-03,,118000.00
7,MJ25X0739,C500739,Female,54,Souvenir,10,118000.00,Debit Card,2025-12-14,,1180000.00
7,MJ25X0740,C500740,Male,70,Souvenir,2,3200000.00,Credit Card,2025-12-25,,6400000.00
7,MJ25X0741,C500741,Male,55,Food & Beverage,6,810000.00,Cash,2025-12-08,,4860000.00
7,MJ25X0742,C500742,Male,34,Technology,10,1700000.00,Credit Card,2025-12-19,,17000000.00
7,MJ25X0743,C500743,Male,47,Technology,2,3200000.00,Debit Card,2025-12-02,,6400000.00
7,MJ25X0744,C500744,Male,68,Shoes,12,41000.00,Cash,2025-12-13,,492000.00
7,MJ25X0745,C500745,Male,70,Clothing,14,3200000.00,Debit Card,2025-12-24,,44800000.00
7,MJ25X0746,C500746,Female,64,Food & Beverage,15,27000.00,Debit Card,2025-12-07,,405000.00
7,MJ25X0747,C500747,Female,37,Toys,7,41000.00,Cash,2025-12-18,,287000.00
7,MJ25X0748,C500748,Male,79,Books,15,5600000.00,Debit Card,2025-12-01,,84000000.00
7,MJ25X0749,C500749,Female,56,Shoes,8,3200000.00,Credit Card,2025-12-12,,25600000.00
7,MJ25X0750,C500750,Male,64,Toys,4,3200000.00,Debit Card,2025-12-23,,12800000.00
7,MJ25X0751,C500751,Female,59,Books,6,195000.00,Debit Card,2025-12-06,,1170000.00
7,MJ25X0752,C500752,Female,62,Toys,3,3200000.00,Credit Card,2025-12-17,,9600000.00
7,MJ25X0753,C500753,Female,61,Technology,14,63000.00,Credit Card,2025-12-28,,882000.00
7,MJ25X0754,C500754,Male,53,Food & Beverage,10,118000.00,Credit Card,2025-12-11,,1180000.00
7,MJ25X0755,C500755,Male,37,Cosmetics,9,810000.00,Cash,2025-12-22,,7290000.00
7,MJ25X0756,C500756,Male,65,Cosmetics,7,1700000.00,Cash,2025-12-05,,11900000.00
7,MJ25X0757,C500757,Male,18,Food & Beverage,2,810000.00,Debit Card,2025-12-16,,1620000.00
7,MJ25X0758,C500758,Female,80,Cosmetics,9,27000.00,Credit Card,2025-12-27,,243000.00
7,MJ25X0759,C500759,Male,57,Toys,3,365000.00,Cash,2025-12-10,,1095000.00
7,MJ25X0760,C500760,Male,60,Toys,6,5600000.00,Debit Card,2025-12-21,,33600000.00
7,MJ25X0761,C500761,Female,31,Souvenir,15,1700000.00,Credit Card,2025-12-04,,25500000.00
7,MJ25X0762,C500762,Female,54,Shoes,2,365000.00,Cash,2025-12-15,,730000.00
7,MJ25X0763,C500763,Female,69,Cosmetics,2,41000.00,Debit Card,2025-12-26,,82000.00
7,MJ25X0764,C500764,Female,80,Books,13,27000.00,Debit Card,2025-12-09,,351000.00
7,MJ25X0765,C500765,Male,35,Clothing,4,365000.00,Credit Card,2025-12-20,,1460000.00
7,MJ25X0766,C500766,Male,23,Food & Beverage,1,365000.00,Credit Card,2025-12-03,,365000.00
7,MJ25X0767,C500767,Female,32,Toys,3,41000.00,Cash,2025-12-14,,123000.00
7,MJ25X0768,C500768,Female,70,Clothing,15,27000.00,Cash,2025-12-25,,405000.00
7,MJ25X0769,C500769,Female,62,Food & Beverage,9,1700000.00,Credit Card,2025-12-08,,15300000.00
7,MJ25X0770,C500770,Male,73,Toys,13,41000.00,Credit Card,2025-12-19,,533000.00
7,MJ25X0771,C500771,Male,58,Technology,12,810000.00,Credit Card,2025-12-02,,9720000.00
7,MJ25X0772,C500772,Female,38,Cosmetics,11,365000.00,Cash,2025-12-13,,4015000.00
7,MJ25X0773,C500773,Female,72,Technology,5,365000.00,Debit Card,2025-12-24,,1825000.00
7,MJ25X0774,C500774,Female,55,Souvenir,2,365000.00,Credit Card,2025-12-07,,730000.00
7,MJ25X0775,C500775,Male,48,Cosmetics,15,118000.00,Debit Card,2025-12-18,,1770000.00
7,MJ25X0776,C500776,Female,65,Books,6,195000.00,Cash,2025-12-01,,1170000.00
7,MJ25X0777,C500777,Male,57,Toys,12,1700000.00,Debit Card,2025-12-12,,20400000.00
7,MJ25X0778,C500778,Male,39,Clothing,15,27000.00,Debit Card,2025-12-23,,405000.00
7,MJ25X0779,C500779,Male,51,Shoes,14,1700000.00,Cash,2025-12-06,,23800000.00
7,MJ25X0780,C500780,Male,36,Cosmetics,5,1700000.00,Cash,2025-12-17,,8500000.00
